x_crd,y_crd,phi,
3.39187,1.29698,1.50021
3.39178,1.29722,1.50042
3.39168,1.29746,1.50064
3.39159,1.2977,1.50085
3.3915,1.29794,1.50106
3.39141,1.29818,1.50127
3.39132,1.29841,1.50148
3.39123,1.29865,1.50169
3.39114,1.29889,1.50189
3.39105,1.29912,1.5021
3.39096,1.29936,1.50231
3.39087,1.29959,1.50252
3.39078,1.29983,1.50273
3.39069,1.30006,1.50293
3.3906,1.30029,1.50314
3.39051,1.30052,1.50334
3.39042,1.30076,1.50355
3.39033,1.30099,1.50376
3.39024,1.30122,1.50396
3.39016,1.30145,1.50416
3.39007,1.30168,1.50437
3.38998,1.30191,1.50457
3.38989,1.30214,1.50478
3.3898,1.30237,1.50498
3.38971,1.3026,1.50518
3.38963,1.30283,1.50538
3.38954,1.30305,1.50558
3.38945,1.30328,1.50578
3.38937,1.30351,1.50599
3.38928,1.30373,1.50619
3.38919,1.30396,1.50639
3.3891,1.30419,1.50658
3.38902,1.30441,1.50678
3.38893,1.30463,1.50698
3.38884,1.30486,1.50718
3.38876,1.30508,1.50738
3.38867,1.30531,1.50758
3.38859,1.30553,1.50777
3.3885,1.30575,1.50797
3.38842,1.30597,1.50817
3.38833,1.30619,1.50836
3.38825,1.30641,1.50856
3.38816,1.30663,1.50875
3.38808,1.30685,1.50895
3.38799,1.30707,1.50914
3.38791,1.30729,1.50934
3.38782,1.30751,1.50953
3.38774,1.30773,1.50972
3.38765,1.30795,1.50992
3.38757,1.30816,1.51011
3.38749,1.30838,1.5103
3.3874,1.3086,1.51049
3.38732,1.30881,1.51068
3.38724,1.30903,1.51087
3.38715,1.30924,1.51106
3.38707,1.30946,1.51125
3.38699,1.30967,1.51144
3.3869,1.30989,1.51163
3.38682,1.3101,1.51182
3.38674,1.31031,1.51201
3.38666,1.31053,1.5122
3.38658,1.31074,1.51239
3.38649,1.31095,1.51257
3.38641,1.31116,1.51276
3.38633,1.31137,1.51295
3.38625,1.31158,1.51313
3.38617,1.31179,1.51332
3.38609,1.312,1.51351
3.38601,1.31221,1.51369
3.38592,1.31242,1.51388
3.38584,1.31263,1.51406
3.38576,1.31284,1.51425
3.38568,1.31304,1.51443
3.3856,1.31325,1.51461
3.38552,1.31346,1.5148
3.38544,1.31366,1.51498
3.38536,1.31387,1.51516
3.38528,1.31407,1.51534
3.3852,1.31428,1.51552
3.38512,1.31448,1.51571
3.38504,1.31469,1.51589
3.38496,1.31489,1.51607
3.38489,1.31509,1.51625
3.38481,1.3153,1.51643
3.38473,1.3155,1.51661
3.38465,1.3157,1.51679
3.38457,1.3159,1.51696
3.38449,1.3161,1.51714
3.38441,1.31631,1.51732
3.38434,1.31651,1.5175
3.38426,1.31671,1.51768
3.38418,1.31691,1.51785
3.3841,1.3171,1.51803
3.38403,1.3173,1.51821
3.38395,1.3175,1.51838
3.38387,1.3177,1.51856
3.3838,1.3179,1.51873
3.38372,1.31809,1.51891
3.38364,1.31829,1.51908
3.38356,1.31849,1.51926
3.38349,1.31868,1.51943
3.38341,1.31888,1.5196
3.38334,1.31907,1.51978
3.38326,1.31927,1.51995
3.38318,1.31946,1.52012
3.38311,1.31966,1.52029
3.38303,1.31985,1.52046
3.38296,1.32004,1.52064
3.38288,1.32024,1.52081
3.38281,1.32043,1.52098
3.38273,1.32062,1.52115
3.38266,1.32081,1.52132
3.38258,1.321,1.52149
3.38251,1.3212,1.52166
3.38243,1.32139,1.52183
3.38236,1.32158,1.52199
3.38229,1.32177,1.52216
3.38221,1.32196,1.52233
3.38214,1.32214,1.5225
3.38206,1.32233,1.52267
3.38199,1.32252,1.52283
3.38192,1.32271,1.523
3.38184,1.3229,1.52317
3.38177,1.32308,1.52333
3.3817,1.32327,1.5235
3.38162,1.32346,1.52366
3.38155,1.32364,1.52383
3.38148,1.32383,1.52399
3.38141,1.32401,1.52416
3.38133,1.3242,1.52432
3.38126,1.32438,1.52448
3.38119,1.32457,1.52465
3.38112,1.32475,1.52481
3.38105,1.32493,1.52497
3.38097,1.32512,1.52514
3.3809,1.3253,1.5253
3.38083,1.32548,1.52546
3.38076,1.32566,1.52562
3.38069,1.32585,1.52578
3.38062,1.32603,1.52594
3.38055,1.32621,1.5261
3.38048,1.32639,1.52626
3.38041,1.32657,1.52642
3.38033,1.32675,1.52658
3.38026,1.32693,1.52674
3.38019,1.32711,1.5269
3.38012,1.32728,1.52706
3.38005,1.32746,1.52722
3.37998,1.32764,1.52738
3.37991,1.32782,1.52753
3.37984,1.328,1.52769
3.37978,1.32817,1.52785
3.37971,1.32835,1.528
3.37964,1.32852,1.52816
3.37957,1.3287,1.52832
3.3795,1.32888,1.52847
3.37943,1.32905,1.52863
3.37936,1.32923,1.52878
3.37929,1.3294,1.52894
3.37922,1.32957,1.52909
3.37916,1.32975,1.52925
3.37909,1.32992,1.5294
3.37902,1.33009,1.52955
3.37895,1.33027,1.52971
3.37888,1.33044,1.52986
3.37882,1.33061,1.53001
3.37875,1.33078,1.53016
3.37868,1.33095,1.53032
3.37861,1.33112,1.53047
3.37855,1.33129,1.53062
3.37848,1.33146,1.53077
3.37841,1.33163,1.53092
3.37835,1.3318,1.53107
3.37828,1.33197,1.53122
3.37821,1.33214,1.53137
3.37815,1.33231,1.53152
3.37808,1.33248,1.53167
3.37801,1.33265,1.53182
3.37795,1.33281,1.53197
3.37788,1.33298,1.53212
3.37782,1.33315,1.53226
3.37775,1.33331,1.53241
3.37769,1.33348,1.53256
3.37762,1.33365,1.53271
3.37755,1.33381,1.53285
3.37749,1.33398,1.533
3.37742,1.33414,1.53315
3.37736,1.3343,1.53329
3.37729,1.33447,1.53344
3.37723,1.33463,1.53358
3.37716,1.3348,1.53373
3.3771,1.33496,1.53387
3.37704,1.33512,1.53402
3.37697,1.33528,1.53416
3.37691,1.33545,1.53431
3.37684,1.33561,1.53445
3.37678,1.33577,1.53459
3.37672,1.33593,1.53474
3.37665,1.33609,1.53488
3.37659,1.33625,1.53502
3.37653,1.33641,1.53516
3.37646,1.33657,1.53531
3.3764,1.33673,1.53545
3.37634,1.33689,1.53559
3.37627,1.33705,1.53573
3.37621,1.33721,1.53587
3.37615,1.33737,1.53601
3.37609,1.33752,1.53615
3.37602,1.33768,1.53629
3.37596,1.33784,1.53643
3.3759,1.338,1.53657
3.37584,1.33815,1.53671
3.37577,1.33831,1.53685
3.37571,1.33847,1.53699
3.37565,1.33862,1.53713
3.37559,1.33878,1.53727
3.37553,1.33893,1.5374
3.37547,1.33909,1.53754
3.37541,1.33924,1.53768
3.37534,1.33939,1.53781
3.37528,1.33955,1.53795
3.37522,1.3397,1.53809
3.37516,1.33986,1.53822
3.3751,1.34001,1.53836
3.37504,1.34016,1.5385
3.37498,1.34031,1.53863
3.37492,1.34046,1.53877
3.37486,1.34062,1.5389
3.3748,1.34077,1.53904
3.37474,1.34092,1.53917
3.37468,1.34107,1.5393
3.37462,1.34122,1.53944
3.37456,1.34137,1.53957
3.3745,1.34152,1.5397
3.37444,1.34167,1.53984
3.37438,1.34182,1.53997
3.37432,1.34197,1.5401
3.37426,1.34212,1.54023
3.3742,1.34226,1.54037
3.37414,1.34241,1.5405
3.37409,1.34256,1.54063
3.37403,1.34271,1.54076
3.37397,1.34286,1.54089
3.37391,1.343,1.54102
3.37385,1.34315,1.54115
3.37379,1.34329,1.54128
3.37374,1.34344,1.54141
3.37368,1.34359,1.54154
3.37362,1.34373,1.54167
3.37356,1.34388,1.5418
3.3735,1.34402,1.54193
3.37345,1.34417,1.54206
3.37339,1.34431,1.54218
3.37333,1.34445,1.54231
3.37327,1.3446,1.54244
3.37322,1.34474,1.54257
3.37316,1.34488,1.5427
3.3731,1.34503,1.54282
3.37305,1.34517,1.54295
3.37299,1.34531,1.54308
3.37293,1.34545,1.5432
3.37288,1.34559,1.54333
3.37282,1.34574,1.54345
3.37276,1.34588,1.54358
3.37271,1.34602,1.5437
3.37265,1.34616,1.54383
3.3726,1.3463,1.54395
3.37254,1.34644,1.54408
3.37248,1.34658,1.5442
3.37243,1.34672,1.54433
3.37237,1.34686,1.54445
3.37232,1.347,1.54457
3.37226,1.34713,1.5447
3.37221,1.34727,1.54482
3.37215,1.34741,1.54494
3.3721,1.34755,1.54506
3.37204,1.34769,1.54519
3.37199,1.34782,1.54531
3.37193,1.34796,1.54543
3.37188,1.3481,1.54555
3.37182,1.34823,1.54567
3.37177,1.34837,1.54579
3.37172,1.3485,1.54592
3.37166,1.34864,1.54604
3.37161,1.34877,1.54616
3.37155,1.34891,1.54628
3.3715,1.34904,1.5464
3.37145,1.34918,1.54652
3.37139,1.34931,1.54663
3.37134,1.34945,1.54675
3.37128,1.34958,1.54687
3.37123,1.34971,1.54699
3.37118,1.34985,1.54711
3.37113,1.34998,1.54723
3.37107,1.35011,1.54735
3.37102,1.35024,1.54746
3.37097,1.35038,1.54758
3.37091,1.35051,1.5477
3.37086,1.35064,1.54781
3.37081,1.35077,1.54793
3.37076,1.3509,1.54805
3.3707,1.35103,1.54816
3.37065,1.35116,1.54828
3.3706,1.35129,1.5484
3.37055,1.35142,1.54851
3.37049,1.35155,1.54863
3.37044,1.35168,1.54874
3.37039,1.35181,1.54886
3.37034,1.35194,1.54897
3.37029,1.35207,1.54909
3.37024,1.3522,1.5492
3.37019,1.35232,1.54931
3.37013,1.35245,1.54943
3.37008,1.35258,1.54954
3.37003,1.35271,1.54965
3.36998,1.35283,1.54977
3.36993,1.35296,1.54988
3.36988,1.35309,1.54999
3.36983,1.35321,1.55011
3.36978,1.35334,1.55022
3.36973,1.35346,1.55033
3.36968,1.35359,1.55044
3.36963,1.35371,1.55055
3.36958,1.35384,1.55066
3.36953,1.35396,1.55078
3.36948,1.35409,1.55089
3.36943,1.35421,1.551
3.36938,1.35434,1.55111
3.36933,1.35446,1.55122
3.36928,1.35458,1.55133
3.36923,1.35471,1.55144
3.36918,1.35483,1.55155
3.36913,1.35495,1.55166
3.36908,1.35508,1.55176
3.36903,1.3552,1.55187
3.36898,1.35532,1.55198
3.36893,1.35544,1.55209
3.36888,1.35556,1.5522
3.36883,1.35568,1.55231
3.36879,1.35581,1.55241
3.36874,1.35593,1.55252
3.36869,1.35605,1.55263
3.36864,1.35617,1.55274
3.36859,1.35629,1.55284
3.36854,1.35641,1.55295
3.3685,1.35653,1.55306
3.36845,1.35665,1.55316
3.3684,1.35676,1.55327
3.36835,1.35688,1.55337
3.3683,1.357,1.55348
3.36826,1.35712,1.55359
3.36821,1.35724,1.55369
3.36816,1.35736,1.5538
3.36811,1.35747,1.5539
3.36807,1.35759,1.554
3.36802,1.35771,1.55411
3.36797,1.35783,1.55421
3.36793,1.35794,1.55432
3.36788,1.35806,1.55442
3.36783,1.35817,1.55452
3.36778,1.35829,1.55463
3.36774,1.35841,1.55473
3.36769,1.35852,1.55483
3.36764,1.35864,1.55494
3.3676,1.35875,1.55504
3.36755,1.35887,1.55514
3.36751,1.35898,1.55524
3.36746,1.3591,1.55535
3.36741,1.35921,1.55545
3.36737,1.35932,1.55555
3.36732,1.35944,1.55565
3.36728,1.35955,1.55575
3.36723,1.35966,1.55585
3.36718,1.35978,1.55595
3.36714,1.35989,1.55605
3.36709,1.36,1.55615
3.36705,1.36011,1.55625
3.367,1.36023,1.55635
3.36696,1.36034,1.55645
3.36691,1.36045,1.55655
3.36687,1.36056,1.55665
3.36682,1.36067,1.55675
3.36678,1.36078,1.55685
3.36673,1.36089,1.55695
3.36669,1.36101,1.55705
3.36664,1.36112,1.55714
3.3666,1.36123,1.55724
3.36656,1.36134,1.55734
3.36651,1.36144,1.55744
3.36647,1.36155,1.55754
3.36642,1.36166,1.55763
3.36638,1.36177,1.55773
3.36633,1.36188,1.55783
3.36629,1.36199,1.55792
3.36625,1.3621,1.55802
3.3662,1.36221,1.55812
3.36616,1.36231,1.55821
3.36612,1.36242,1.55831
3.36607,1.36253,1.5584
3.36603,1.36264,1.5585
3.36599,1.36274,1.5586
3.36594,1.36285,1.55869
3.3659,1.36296,1.55879
3.36586,1.36306,1.55888
3.36581,1.36317,1.55898
3.36577,1.36328,1.55907
3.36573,1.36338,1.55916
3.36568,1.36349,1.55926
3.36564,1.36359,1.55935
3.3656,1.3637,1.55945
3.36556,1.3638,1.55954
3.36551,1.36391,1.55963
3.36547,1.36401,1.55973
3.36543,1.36412,1.55982
3.36539,1.36422,1.55991
3.36535,1.36432,1.56
3.3653,1.36443,1.5601
3.36526,1.36453,1.56019
3.36522,1.36463,1.56028
3.36518,1.36474,1.56037
3.36514,1.36484,1.56046
3.36509,1.36494,1.56055
3.36505,1.36504,1.56065
3.36501,1.36515,1.56074
3.36497,1.36525,1.56083
3.36493,1.36535,1.56092
3.36489,1.36545,1.56101
3.36485,1.36555,1.5611
3.36481,1.36565,1.56119
3.36476,1.36575,1.56128
3.36472,1.36586,1.56137
3.36468,1.36596,1.56146
3.36464,1.36606,1.56155
3.3646,1.36616,1.56164
3.36456,1.36626,1.56173
3.36452,1.36636,1.56182
3.36448,1.36646,1.56191
3.36444,1.36656,1.56199
3.3644,1.36665,1.56208
3.36436,1.36675,1.56217
3.36432,1.36685,1.56226
3.36428,1.36695,1.56235
3.36424,1.36705,1.56243
3.3642,1.36715,1.56252
3.36416,1.36724,1.56261
3.36412,1.36734,1.5627
3.36408,1.36744,1.56278
3.36404,1.36754,1.56287
3.364,1.36763,1.56296
3.36396,1.36773,1.56304
3.36392,1.36783,1.56313
3.36388,1.36792,1.56322
3.36384,1.36802,1.5633
3.3638,1.36812,1.56339
3.36377,1.36821,1.56347
3.36373,1.36831,1.56356
3.36369,1.3684,1.56364
3.36365,1.3685,1.56373
3.36361,1.3686,1.56381
3.36357,1.36869,1.5639
3.36353,1.36879,1.56398
3.36349,1.36888,1.56407
3.36346,1.36897,1.56415
3.36342,1.36907,1.56424
3.36338,1.36916,1.56432
3.36334,1.36926,1.5644
3.3633,1.36935,1.56449
3.36326,1.36944,1.56457
3.36323,1.36954,1.56465
3.36319,1.36963,1.56474
3.36315,1.36972,1.56482
3.36311,1.36982,1.5649
3.36308,1.36991,1.56498
3.36304,1.37,1.56507
3.363,1.37009,1.56515
3.36296,1.37019,1.56523
3.36293,1.37028,1.56531
3.36289,1.37037,1.56539
3.36285,1.37046,1.56548
3.36281,1.37055,1.56556
3.36278,1.37064,1.56564
3.36274,1.37073,1.56572
3.3627,1.37082,1.5658
3.36267,1.37091,1.56588
3.36263,1.371,1.56596
3.36259,1.3711,1.56604
3.36256,1.37119,1.56612
3.36252,1.37127,1.5662
3.36248,1.37136,1.56628
3.36245,1.37145,1.56636
3.36241,1.37154,1.56644
3.36237,1.37163,1.56652
3.36234,1.37172,1.5666
3.3623,1.37181,1.56668
3.36226,1.3719,1.56676
3.36223,1.37199,1.56684
3.36219,1.37208,1.56692
3.36216,1.37216,1.567
3.36212,1.37225,1.56707
3.36208,1.37234,1.56715
3.36205,1.37243,1.56723
3.36201,1.37251,1.56731
3.36198,1.3726,1.56739
3.36194,1.37269,1.56746
3.36191,1.37277,1.56754
3.36187,1.37286,1.56762
3.36184,1.37295,1.5677
3.3618,1.37303,1.56777
3.36177,1.37312,1.56785
3.36173,1.37321,1.56793
3.3617,1.37329,1.568
3.36166,1.37338,1.56808
3.36163,1.37346,1.56816
3.36159,1.37355,1.56823
3.36156,1.37363,1.56831
3.36152,1.37372,1.56838
3.36149,1.3738,1.56846
3.36145,1.37389,1.56853
3.36142,1.37397,1.56861
3.36138,1.37406,1.56868
3.36135,1.37414,1.56876
3.36131,1.37422,1.56883
3.36128,1.37431,1.56891
3.36125,1.37439,1.56898
3.36121,1.37447,1.56906
3.36118,1.37456,1.56913
3.36114,1.37464,1.56921
3.36111,1.37472,1.56928
3.36108,1.37481,1.56935
3.36104,1.37489,1.56943
3.36101,1.37497,1.5695
3.36098,1.37505,1.56958
3.36094,1.37514,1.56965
3.36091,1.37522,1.56972
3.36088,1.3753,1.56979
3.36084,1.37538,1.56987
3.36081,1.37546,1.56994
3.36077,1.37554,1.57001
3.36074,1.37562,1.57008
3.36071,1.3757,1.57016
3.36068,1.37579,1.57023
3.36064,1.37587,1.5703
3.36061,1.37595,1.57037
3.36058,1.37603,1.57044
3.36054,1.37611,1.57052
3.36051,1.37619,1.57059
3.36048,1.37627,1.57066
3.36045,1.37635,1.57073
3.36041,1.37643,1.5708
3.36038,1.3765,1.57087
3.36035,1.37658,1.57094
3.36032,1.37666,1.57101
3.36028,1.37674,1.57108
3.36025,1.37682,1.57115
3.36022,1.3769,1.57122
3.36019,1.37698,1.57129
3.36016,1.37706,1.57136
3.36012,1.37713,1.57143
3.36009,1.37721,1.5715
3.36006,1.37729,1.57157
3.36003,1.37737,1.57164
3.36,1.37744,1.57171
3.35996,1.37752,1.57178
3.35993,1.3776,1.57185
3.3599,1.37768,1.57192
3.35987,1.37775,1.57198
3.35984,1.37783,1.57205
3.35981,1.37791,1.57212
3.35978,1.37798,1.57219
3.35974,1.37806,1.57226
3.35971,1.37813,1.57233
3.35968,1.37821,1.57239
3.35965,1.37829,1.57246
3.35962,1.37836,1.57253
3.35959,1.37844,1.5726
3.35956,1.37851,1.57266
3.35953,1.37859,1.57273
3.3595,1.37866,1.5728
3.35947,1.37874,1.57286
3.35944,1.37881,1.57293
3.3594,1.37889,1.573
3.35937,1.37896,1.57306
3.35934,1.37903,1.57313
3.35931,1.37911,1.5732
3.35928,1.37918,1.57326
3.35925,1.37926,1.57333
3.35922,1.37933,1.57339
3.35919,1.3794,1.57346
3.35916,1.37948,1.57352
3.35913,1.37955,1.57359
3.3591,1.37962,1.57365
3.35907,1.37969,1.57372
3.35904,1.37977,1.57378
3.35901,1.37984,1.57385
3.35898,1.37991,1.57391
3.35895,1.37998,1.57398
3.35892,1.38006,1.57404
3.35889,1.38013,1.57411
3.35886,1.3802,1.57417
3.35883,1.38027,1.57424
3.35881,1.38034,1.5743
3.35878,1.38042,1.57436
3.35875,1.38049,1.57443
3.35872,1.38056,1.57449
3.35869,1.38063,1.57455
3.35866,1.3807,1.57462
3.35863,1.38077,1.57468
3.3586,1.38084,1.57474
3.35857,1.38091,1.57481
3.35854,1.38098,1.57487
3.35851,1.38105,1.57493
3.35849,1.38112,1.57499
3.35846,1.38119,1.57506
3.35843,1.38126,1.57512
3.3584,1.38133,1.57518
3.35837,1.3814,1.57524
3.35834,1.38147,1.57531
3.35831,1.38154,1.57537
3.35829,1.38161,1.57543
3.35826,1.38168,1.57549
3.35823,1.38175,1.57555
3.3582,1.38181,1.57561
3.35817,1.38188,1.57567
3.35814,1.38195,1.57574
3.35812,1.38202,1.5758
3.35809,1.38209,1.57586
3.35806,1.38216,1.57592
3.35803,1.38222,1.57598
3.358,1.38229,1.57604
3.35798,1.38236,1.5761
3.35795,1.38243,1.57616
3.35792,1.38249,1.57622
3.35789,1.38256,1.57628
3.35787,1.38263,1.57634
3.35784,1.38269,1.5764
3.35781,1.38276,1.57646
3.35778,1.38283,1.57652
3.35776,1.38289,1.57658
3.35773,1.38296,1.57664
3.3577,1.38303,1.5767
3.35767,1.38309,1.57675
3.35765,1.38316,1.57681
3.35762,1.38322,1.57687
3.35759,1.38329,1.57693
3.35757,1.38335,1.57699
3.35754,1.38342,1.57705
3.35751,1.38349,1.57711
3.35749,1.38355,1.57716
3.35746,1.38362,1.57722
3.35743,1.38368,1.57728
3.35741,1.38374,1.57734
3.35738,1.38381,1.5774
3.35735,1.38387,1.57745
3.35733,1.38394,1.57751
3.3573,1.384,1.57757
3.35727,1.38407,1.57763
3.35725,1.38413,1.57768
3.35722,1.38419,1.57774
3.35719,1.38426,1.5778
3.35717,1.38432,1.57785
3.35714,1.38438,1.57791
3.35712,1.38445,1.57797
3.35709,1.38451,1.57802
3.35706,1.38457,1.57808
3.35704,1.38464,1.57814
3.35701,1.3847,1.57819
3.35699,1.38476,1.57825
3.35696,1.38483,1.5783
3.35693,1.38489,1.57836
3.35691,1.38495,1.57841
3.35688,1.38501,1.57847
3.35686,1.38507,1.57853
3.35683,1.38514,1.57858
3.35681,1.3852,1.57864
3.35678,1.38526,1.57869
3.35676,1.38532,1.57875
3.35673,1.38538,1.5788
3.35671,1.38544,1.57886
3.35668,1.3855,1.57891
3.35665,1.38557,1.57897
3.35663,1.38563,1.57902
3.3566,1.38569,1.57907
3.35658,1.38575,1.57913
3.35655,1.38581,1.57918
3.35653,1.38587,1.57924
3.3565,1.38593,1.57929
3.35648,1.38599,1.57934
3.35645,1.38605,1.5794
3.35643,1.38611,1.57945
3.35641,1.38617,1.5795
3.35638,1.38623,1.57956
3.35636,1.38629,1.57961
3.35633,1.38635,1.57966
3.35631,1.38641,1.57972
3.35628,1.38647,1.57977
3.35626,1.38653,1.57982
3.35623,1.38659,1.57988
3.35621,1.38664,1.57993
3.35619,1.3867,1.57998
3.35616,1.38676,1.58003
3.35614,1.38682,1.58009
3.35611,1.38688,1.58014
3.35609,1.38694,1.58019
3.35606,1.387,1.58024
3.35604,1.38705,1.58029
3.35602,1.38711,1.58035
3.35599,1.38717,1.5804
3.35597,1.38723,1.58045
3.35595,1.38728,1.5805
3.35592,1.38734,1.58055
3.3559,1.3874,1.5806
3.35587,1.38746,1.58065
3.35585,1.38751,1.58071
3.35583,1.38757,1.58076
3.3558,1.38763,1.58081
3.35578,1.38768,1.58086
3.35576,1.38774,1.58091
3.35573,1.3878,1.58096
3.35571,1.38785,1.58101
3.35569,1.38791,1.58106
3.35566,1.38797,1.58111
3.35564,1.38802,1.58116
3.35562,1.38808,1.58121
3.35559,1.38813,1.58126
3.35557,1.38819,1.58131
3.35555,1.38825,1.58136
3.35552,1.3883,1.58141
3.3555,1.38836,1.58146
3.35548,1.38841,1.58151
3.35546,1.38847,1.58156
3.35543,1.38852,1.58161
3.35541,1.38858,1.58166
3.35539,1.38863,1.58171
3.35536,1.38869,1.58176
3.35534,1.38874,1.5818
3.35532,1.3888,1.58185
3.3553,1.38885,1.5819
3.35527,1.38891,1.58195
3.35525,1.38896,1.582
3.35523,1.38901,1.58205
3.35521,1.38907,1.5821
3.35518,1.38912,1.58214
3.35516,1.38918,1.58219
3.35514,1.38923,1.58224
3.35512,1.38928,1.58229
3.3551,1.38934,1.58234
3.35507,1.38939,1.58238
3.35505,1.38944,1.58243
3.35503,1.3895,1.58248
3.35501,1.38955,1.58253
3.35499,1.3896,1.58257
3.35496,1.38965,1.58262
3.35494,1.38971,1.58267
3.35492,1.38976,1.58271
3.3549,1.38981,1.58276
3.35488,1.38986,1.58281
3.35486,1.38992,1.58285
3.35483,1.38997,1.5829
3.35481,1.39002,1.58295
3.35479,1.39007,1.58299
3.35477,1.39013,1.58304
3.35475,1.39018,1.58309
3.35473,1.39023,1.58313
3.35471,1.39028,1.58318
3.35468,1.39033,1.58323
3.35466,1.39038,1.58327
3.35464,1.39043,1.58332
3.35462,1.39049,1.58336
3.3546,1.39054,1.58341
3.35458,1.39059,1.58345
3.35456,1.39064,1.5835
3.35454,1.39069,1.58355
3.35451,1.39074,1.58359
3.35449,1.39079,1.58364
3.35447,1.39084,1.58368
3.35445,1.39089,1.58373
3.35443,1.39094,1.58377
3.35441,1.39099,1.58382
3.35439,1.39104,1.58386
3.35437,1.39109,1.5839
3.35435,1.39114,1.58395
3.35433,1.39119,1.58399
3.35431,1.39124,1.58404
3.35429,1.39129,1.58408
3.35427,1.39134,1.58413
3.35425,1.39139,1.58417
3.35422,1.39144,1.58422
3.3542,1.39149,1.58426
3.35418,1.39154,1.5843
3.35416,1.39159,1.58435
3.35414,1.39163,1.58439
3.35412,1.39168,1.58443
3.3541,1.39173,1.58448
3.35408,1.39178,1.58452
3.35406,1.39183,1.58456
3.35404,1.39188,1.58461
3.35402,1.39193,1.58465
3.354,1.39197,1.58469
3.35398,1.39202,1.58474
3.35396,1.39207,1.58478
3.35394,1.39212,1.58482
3.35392,1.39217,1.58487
3.3539,1.39221,1.58491
3.35388,1.39226,1.58495
3.35386,1.39231,1.58499
3.35384,1.39236,1.58504
3.35382,1.3924,1.58508
3.35381,1.39245,1.58512
3.35379,1.3925,1.58516
3.35377,1.39254,1.5852
3.35375,1.39259,1.58525
3.35373,1.39264,1.58529
3.35371,1.39268,1.58533
3.35369,1.39273,1.58537
3.35367,1.39278,1.58541
3.35365,1.39282,1.58545
3.35363,1.39287,1.5855
3.35361,1.39292,1.58554
3.35359,1.39296,1.58558
3.35357,1.39301,1.58562
3.35355,1.39306,1.58566
3.35353,1.3931,1.5857
3.35352,1.39315,1.58574
3.3535,1.39319,1.58578
3.35348,1.39324,1.58583
3.35346,1.39328,1.58587
3.35344,1.39333,1.58591
3.35342,1.39337,1.58595
3.3534,1.39342,1.58599
3.35338,1.39346,1.58603
3.35336,1.39351,1.58607
3.35335,1.39356,1.58611
3.35333,1.3936,1.58615
3.35331,1.39364,1.58619
3.35329,1.39369,1.58623
3.35327,1.39373,1.58627
3.35325,1.39378,1.58631
3.35323,1.39382,1.58635
3.35322,1.39387,1.58639
3.3532,1.39391,1.58643
3.35318,1.39396,1.58647
3.35316,1.394,1.58651
3.35314,1.39404,1.58655
3.35312,1.39409,1.58659
3.35311,1.39413,1.58662
3.35309,1.39418,1.58666
3.35307,1.39422,1.5867
3.35305,1.39426,1.58674
3.35303,1.39431,1.58678
3.35302,1.39435,1.58682
3.353,1.39439,1.58686
3.35298,1.39444,1.5869
3.35296,1.39448,1.58694
3.35294,1.39452,1.58697
3.35293,1.39457,1.58701
3.35291,1.39461,1.58705
3.35289,1.39465,1.58709
3.35287,1.39469,1.58713
3.35285,1.39474,1.58717
3.35284,1.39478,1.5872
3.35282,1.39482,1.58724
3.3528,1.39486,1.58728
3.35278,1.39491,1.58732
3.35277,1.39495,1.58736
3.35275,1.39499,1.58739
3.35273,1.39503,1.58743
3.35271,1.39507,1.58747
3.3527,1.39512,1.58751
3.35268,1.39516,1.58754
3.35266,1.3952,1.58758
3.35264,1.39524,1.58762
3.35263,1.39528,1.58765
3.35261,1.39532,1.58769
3.35259,1.39537,1.58773
3.35258,1.39541,1.58777
3.35256,1.39545,1.5878
3.35254,1.39549,1.58784
3.35252,1.39553,1.58788
3.35251,1.39557,1.58791
3.35249,1.39561,1.58795
3.35247,1.39565,1.58799
3.35246,1.39569,1.58802
3.35244,1.39573,1.58806
3.35242,1.39577,1.58809
3.35241,1.39581,1.58813
3.35239,1.39586,1.58817
3.35237,1.3959,1.5882
3.35236,1.39594,1.58824
3.35234,1.39598,1.58827
3.35232,1.39602,1.58831
3.35231,1.39606,1.58835
3.35229,1.3961,1.58838
3.35227,1.39614,1.58842
3.35226,1.39618,1.58845
3.35224,1.39621,1.58849
3.35222,1.39625,1.58852
3.35221,1.39629,1.58856
3.35219,1.39633,1.58859
3.35217,1.39637,1.58863
3.35216,1.39641,1.58866
3.35214,1.39645,1.5887
3.35213,1.39649,1.58873
3.35211,1.39653,1.58877
3.35209,1.39657,1.5888
3.35208,1.39661,1.58884
3.35206,1.39665,1.58887
3.35204,1.39668,1.58891
3.35203,1.39672,1.58894
3.35201,1.39676,1.58898
3.352,1.3968,1.58901
3.35198,1.39684,1.58905
3.35196,1.39688,1.58908
3.35195,1.39692,1.58912
3.35193,1.39695,1.58915
3.35192,1.39699,1.58918
3.3519,1.39703,1.58922
3.35188,1.39707,1.58925
3.35187,1.39711,1.58929
3.35185,1.39714,1.58932
3.35184,1.39718,1.58935
3.35182,1.39722,1.58939
3.35181,1.39726,1.58942
3.35179,1.39729,1.58945
3.35177,1.39733,1.58949
3.35176,1.39737,1.58952
3.35174,1.39741,1.58955
3.35173,1.39744,1.58959
3.35171,1.39748,1.58962
3.3517,1.39752,1.58965
3.35168,1.39755,1.58969
3.35167,1.39759,1.58972
3.35165,1.39763,1.58975
3.35164,1.39766,1.58979
3.35162,1.3977,1.58982
3.3516,1.39774,1.58985
3.35159,1.39777,1.58988
3.35157,1.39781,1.58992
3.35156,1.39785,1.58995
3.35154,1.39788,1.58998
3.35153,1.39792,1.59001
3.35151,1.39796,1.59005
3.3515,1.39799,1.59008
3.35148,1.39803,1.59011
3.35147,1.39806,1.59014
3.35145,1.3981,1.59018
3.35144,1.39814,1.59021
3.35142,1.39817,1.59024
3.35141,1.39821,1.59027
3.35139,1.39824,1.5903
3.35138,1.39828,1.59033
3.35136,1.39831,1.59037
3.35135,1.39835,1.5904
3.35134,1.39838,1.59043
3.35132,1.39842,1.59046
3.35131,1.39845,1.59049
3.35129,1.39849,1.59052
3.35128,1.39852,1.59056
3.35126,1.39856,1.59059
3.35125,1.39859,1.59062
3.35123,1.39863,1.59065
3.35122,1.39866,1.59068
3.3512,1.3987,1.59071
3.35119,1.39873,1.59074
3.35118,1.39877,1.59077
3.35116,1.3988,1.5908
3.35115,1.39884,1.59083
3.35113,1.39887,1.59087
3.35112,1.3989,1.5909
3.3511,1.39894,1.59093
3.35109,1.39897,1.59096
3.35108,1.39901,1.59099
3.35106,1.39904,1.59102
3.35105,1.39907,1.59105
3.35103,1.39911,1.59108
3.35102,1.39914,1.59111
3.351,1.39918,1.59114
3.35099,1.39921,1.59117
3.35098,1.39924,1.5912
3.35096,1.39928,1.59123
3.35095,1.39931,1.59126
3.35093,1.39934,1.59129
3.35092,1.39938,1.59132
3.35091,1.39941,1.59135
3.35089,1.39944,1.59138
3.35088,1.39948,1.59141
3.35087,1.39951,1.59144
3.35085,1.39954,1.59147
3.35084,1.39958,1.5915
3.35082,1.39961,1.59153
3.35081,1.39964,1.59156
3.3508,1.39967,1.59158
3.35078,1.39971,1.59161
3.35077,1.39974,1.59164
3.35076,1.39977,1.59167
3.35074,1.3998,1.5917
3.35073,1.39984,1.59173
3.35072,1.39987,1.59176
3.3507,1.3999,1.59179
3.35069,1.39993,1.59182
3.35067,1.39996,1.59185
3.35066,1.4,1.59187
3.35065,1.40003,1.5919
3.35063,1.40006,1.59193
3.35062,1.40009,1.59196
3.35061,1.40012,1.59199
3.3506,1.40016,1.59202
3.35058,1.40019,1.59205
3.35057,1.40022,1.59207
3.35056,1.40025,1.5921
3.35054,1.40028,1.59213
3.35053,1.40031,1.59216
3.35052,1.40035,1.59219
3.3505,1.40038,1.59221
3.35049,1.40041,1.59224
3.35048,1.40044,1.59227
3.35046,1.40047,1.5923
3.35045,1.4005,1.59233
3.35044,1.40053,1.59235
3.35043,1.40056,1.59238
3.35041,1.40059,1.59241
3.3504,1.40062,1.59244
3.35039,1.40066,1.59246
3.35037,1.40069,1.59249
3.35036,1.40072,1.59252
3.35035,1.40075,1.59255
3.35034,1.40078,1.59257
3.35032,1.40081,1.5926
3.35031,1.40084,1.59263
3.3503,1.40087,1.59265
3.35028,1.4009,1.59268
3.35027,1.40093,1.59271
3.35026,1.40096,1.59274
3.35025,1.40099,1.59276
3.35023,1.40102,1.59279
3.35022,1.40105,1.59282
3.35021,1.40108,1.59284
3.3502,1.40111,1.59287
3.35018,1.40114,1.5929
3.35017,1.40117,1.59292
3.35016,1.4012,1.59295
3.35015,1.40123,1.59298
3.35013,1.40126,1.593
3.35012,1.40129,1.59303
3.35011,1.40132,1.59306
3.3501,1.40135,1.59308
3.35009,1.40137,1.59311
3.35007,1.4014,1.59313
3.35006,1.40143,1.59316
3.35005,1.40146,1.59319
3.35004,1.40149,1.59321
3.35002,1.40152,1.59324
3.35001,1.40155,1.59326
3.35,1.40158,1.59329
3.34999,1.40161,1.59332
3.34998,1.40164,1.59334
3.34996,1.40166,1.59337
3.34995,1.40169,1.59339
3.34994,1.40172,1.59342
3.34993,1.40175,1.59344
3.34992,1.40178,1.59347
3.3499,1.40181,1.5935
3.34989,1.40184,1.59352
3.34988,1.40186,1.59355
3.34987,1.40189,1.59357
3.34986,1.40192,1.5936
3.34985,1.40195,1.59362
3.34983,1.40198,1.59365
3.34982,1.402,1.59367
3.34981,1.40203,1.5937
3.3498,1.40206,1.59372
3.34979,1.40209,1.59375
3.34978,1.40212,1.59377
3.34976,1.40214,1.5938
3.34975,1.40217,1.59382
3.34974,1.4022,1.59385
3.34973,1.40223,1.59387
3.34972,1.40225,1.5939
3.34971,1.40228,1.59392
3.34969,1.40231,1.59394
3.34968,1.40234,1.59397
3.34967,1.40236,1.59399
3.34966,1.40239,1.59402
3.34965,1.40242,1.59404
3.34964,1.40245,1.59407
3.34963,1.40247,1.59409
3.34961,1.4025,1.59411
3.3496,1.40253,1.59414
3.34959,1.40255,1.59416
3.34958,1.40258,1.59419
3.34957,1.40261,1.59421
3.34956,1.40263,1.59424
3.34955,1.40266,1.59426
3.34954,1.40269,1.59428
3.34953,1.40271,1.59431
3.34951,1.40274,1.59433
3.3495,1.40277,1.59435
3.34949,1.40279,1.59438
3.34948,1.40282,1.5944
3.34947,1.40285,1.59443
3.34946,1.40287,1.59445
3.34945,1.4029,1.59447
3.34944,1.40292,1.5945
3.34943,1.40295,1.59452
3.34942,1.40298,1.59454
3.3494,1.403,1.59457
3.34939,1.40303,1.59459
3.34938,1.40305,1.59461
3.34937,1.40308,1.59464
3.34936,1.40311,1.59466
3.34935,1.40313,1.59468
3.34934,1.40316,1.5947
3.34933,1.40318,1.59473
3.34932,1.40321,1.59475
3.34931,1.40323,1.59477
3.3493,1.40326,1.5948
3.34929,1.40329,1.59482
3.34927,1.40331,1.59484
3.34926,1.40334,1.59486
3.34925,1.40336,1.59489
3.34924,1.40339,1.59491
3.34923,1.40341,1.59493
3.34922,1.40344,1.59495
3.34921,1.40346,1.59498
3.3492,1.40349,1.595
3.34919,1.40351,1.59502
3.34918,1.40354,1.59504
3.34917,1.40356,1.59507
3.34916,1.40359,1.59509
3.34915,1.40361,1.59511
3.34914,1.40364,1.59513
3.34913,1.40366,1.59516
3.34912,1.40369,1.59518
3.34911,1.40371,1.5952
3.3491,1.40373,1.59522
3.34909,1.40376,1.59524
3.34908,1.40378,1.59527
3.34907,1.40381,1.59529
3.34906,1.40383,1.59531
3.34905,1.40386,1.59533
3.34904,1.40388,1.59535
3.34903,1.40391,1.59537
3.34902,1.40393,1.5954
3.34901,1.40395,1.59542
3.349,1.40398,1.59544
3.34899,1.404,1.59546
3.34898,1.40403,1.59548
3.34897,1.40405,1.5955
3.34896,1.40407,1.59552
3.34895,1.4041,1.59555
3.34894,1.40412,1.59557
3.34893,1.40414,1.59559
3.34892,1.40417,1.59561
3.34891,1.40419,1.59563
3.3489,1.40422,1.59565
3.34889,1.40424,1.59567
3.34888,1.40426,1.59569
3.34887,1.40429,1.59572
3.34886,1.40431,1.59574
3.34885,1.40433,1.59576
3.34884,1.40436,1.59578
3.34883,1.40438,1.5958
3.34882,1.4044,1.59582
3.34881,1.40443,1.59584
3.3488,1.40445,1.59586
3.34879,1.40447,1.59588
3.34878,1.40449,1.5959
3.34877,1.40452,1.59592
3.34876,1.40454,1.59594
3.34875,1.40456,1.59596
3.34874,1.40459,1.59598
3.34873,1.40461,1.59601
3.34872,1.40463,1.59603
3.34871,1.40465,1.59605
3.3487,1.40468,1.59607
3.34869,1.4047,1.59609
3.34868,1.40472,1.59611
3.34867,1.40475,1.59613
3.34866,1.40477,1.59615
3.34866,1.40479,1.59617
3.34865,1.40481,1.59619
3.34864,1.40483,1.59621
3.34863,1.40486,1.59623
3.34862,1.40488,1.59625
3.34861,1.4049,1.59627
3.3486,1.40492,1.59629
3.34859,1.40495,1.59631
3.34858,1.40497,1.59633
3.34857,1.40499,1.59635
3.34856,1.40501,1.59637
3.34855,1.40503,1.59639
3.34854,1.40506,1.59641
3.34853,1.40508,1.59642
3.34853,1.4051,1.59644
3.34852,1.40512,1.59646
3.34851,1.40514,1.59648
3.3485,1.40516,1.5965
3.34849,1.40519,1.59652
3.34848,1.40521,1.59654
3.34847,1.40523,1.59656
3.34846,1.40525,1.59658
3.34845,1.40527,1.5966
3.34844,1.40529,1.59662
3.34843,1.40532,1.59664
3.34843,1.40534,1.59666
3.34842,1.40536,1.59668
3.34841,1.40538,1.59669
3.3484,1.4054,1.59671
3.34839,1.40542,1.59673
3.34838,1.40544,1.59675
3.34837,1.40546,1.59677
3.34836,1.40548,1.59679
3.34835,1.40551,1.59681
3.34835,1.40553,1.59683
3.34834,1.40555,1.59685
3.34833,1.40557,1.59686
3.34832,1.40559,1.59688
3.34831,1.40561,1.5969
3.3483,1.40563,1.59692
3.34829,1.40565,1.59694
3.34828,1.40567,1.59696
3.34828,1.40569,1.59698
3.34827,1.40571,1.59699
3.34826,1.40573,1.59701
3.34825,1.40575,1.59703
3.34824,1.40577,1.59705
3.34823,1.4058,1.59707
3.34822,1.40582,1.59709
3.34822,1.40584,1.5971
3.34821,1.40586,1.59712
3.3482,1.40588,1.59714
3.34819,1.4059,1.59716
3.34818,1.40592,1.59718
3.34817,1.40594,1.59719
3.34817,1.40596,1.59721
3.34816,1.40598,1.59723
3.34815,1.406,1.59725
3.34814,1.40602,1.59727
3.34813,1.40604,1.59728
3.34812,1.40606,1.5973
3.34811,1.40608,1.59732
3.34811,1.4061,1.59734
3.3481,1.40612,1.59736
3.34809,1.40614,1.59737
3.34808,1.40616,1.59739
3.34807,1.40618,1.59741
3.34807,1.40619,1.59743
3.34806,1.40621,1.59744
3.34805,1.40623,1.59746
3.34804,1.40625,1.59748
3.34803,1.40627,1.5975
3.34802,1.40629,1.59751
3.34802,1.40631,1.59753
3.34801,1.40633,1.59755
3.348,1.40635,1.59756
3.34799,1.40637,1.59758
3.34798,1.40639,1.5976
3.34798,1.40641,1.59762
3.34797,1.40643,1.59763
3.34796,1.40645,1.59765
3.34795,1.40647,1.59767
3.34794,1.40648,1.59769
3.34794,1.4065,1.5977
3.34793,1.40652,1.59772
3.34792,1.40654,1.59774
3.34791,1.40656,1.59775
3.3479,1.40658,1.59777
3.3479,1.4066,1.59779
3.34789,1.40662,1.5978
3.34788,1.40664,1.59782
3.34787,1.40665,1.59784
3.34786,1.40667,1.59785
3.34786,1.40669,1.59787
3.34785,1.40671,1.59789
3.34784,1.40673,1.5979
3.34783,1.40675,1.59792
3.34783,1.40677,1.59794
3.34782,1.40678,1.59795
3.34781,1.4068,1.59797
3.3478,1.40682,1.59799
3.3478,1.40684,1.598
3.34779,1.40686,1.59802
3.34778,1.40688,1.59804
3.34777,1.40689,1.59805
3.34776,1.40691,1.59807
3.34776,1.40693,1.59808
3.34775,1.40695,1.5981
3.34774,1.40697,1.59812
3.34773,1.40698,1.59813
3.34773,1.407,1.59815
3.34772,1.40702,1.59816
3.34771,1.40704,1.59818
3.3477,1.40706,1.5982
3.3477,1.40707,1.59821
3.34769,1.40709,1.59823
3.34768,1.40711,1.59825
3.34767,1.40713,1.59826
3.34767,1.40714,1.59828
3.34766,1.40716,1.59829
3.34765,1.40718,1.59831
3.34764,1.4072,1.59832
3.34764,1.40722,1.59834
3.34763,1.40723,1.59836
3.34762,1.40725,1.59837
3.34761,1.40727,1.59839
3.34761,1.40729,1.5984
3.3476,1.4073,1.59842
3.34759,1.40732,1.59843
3.34759,1.40734,1.59845
3.34758,1.40735,1.59846
3.34757,1.40737,1.59848
3.34756,1.40739,1.5985
3.34756,1.40741,1.59851
3.34755,1.40742,1.59853
3.34754,1.40744,1.59854
3.34753,1.40746,1.59856
3.34753,1.40747,1.59857
3.34752,1.40749,1.59859
3.34751,1.40751,1.5986
3.34751,1.40753,1.59862
3.3475,1.40754,1.59863
3.34749,1.40756,1.59865
3.34749,1.40758,1.59866
3.34748,1.40759,1.59868
3.34747,1.40761,1.59869
3.34746,1.40763,1.59871
3.34746,1.40764,1.59872
3.34745,1.40766,1.59874
3.34744,1.40768,1.59875
3.34744,1.40769,1.59877
3.34743,1.40771,1.59878
3.34742,1.40773,1.5988
3.34741,1.40774,1.59881
3.34741,1.40776,1.59883
3.3474,1.40778,1.59884
3.34739,1.40779,1.59886
3.34739,1.40781,1.59887
3.34738,1.40782,1.59889
3.34737,1.40784,1.5989
3.34737,1.40786,1.59892
3.34736,1.40787,1.59893
3.34735,1.40789,1.59894
3.34735,1.40791,1.59896
3.34734,1.40792,1.59897
3.34733,1.40794,1.59899
3.34733,1.40795,1.599
3.34732,1.40797,1.59902
3.34731,1.40799,1.59903
3.34731,1.408,1.59905
3.3473,1.40802,1.59906
3.34729,1.40803,1.59907
3.34729,1.40805,1.59909
3.34728,1.40807,1.5991
3.34727,1.40808,1.59912
3.34727,1.4081,1.59913
3.34726,1.40811,1.59914
3.34725,1.40813,1.59916
3.34725,1.40814,1.59917
3.34724,1.40816,1.59919
3.34723,1.40818,1.5992
3.34723,1.40819,1.59921
3.34722,1.40821,1.59923
3.34721,1.40822,1.59924
3.34721,1.40824,1.59926
3.3472,1.40825,1.59927
3.34719,1.40827,1.59928
3.34719,1.40828,1.5993
3.34718,1.4083,1.59931
3.34717,1.40832,1.59933
3.34717,1.40833,1.59934
3.34716,1.40835,1.59935
3.34715,1.40836,1.59937
3.34715,1.40838,1.59938
3.34714,1.40839,1.59939
3.34714,1.40841,1.59941
3.34713,1.40842,1.59942
3.34712,1.40844,1.59944
3.34712,1.40845,1.59945
3.34711,1.40847,1.59946
3.3471,1.40848,1.59948
3.3471,1.4085,1.59949
3.34709,1.40851,1.5995
3.34708,1.40853,1.59952
3.34708,1.40854,1.59953
3.34707,1.40856,1.59954
3.34707,1.40857,1.59956
3.34706,1.40859,1.59957
3.34705,1.4086,1.59958
3.34705,1.40862,1.5996
3.34704,1.40863,1.59961
3.34704,1.40865,1.59962
3.34703,1.40866,1.59964
3.34702,1.40867,1.59965
3.34702,1.40869,1.59966
3.34701,1.4087,1.59967
3.347,1.40872,1.59969
3.347,1.40873,1.5997
3.34699,1.40875,1.59971
3.34699,1.40876,1.59973
3.34698,1.40878,1.59974
3.34697,1.40879,1.59975
3.34697,1.40881,1.59976
3.34696,1.40882,1.59978
3.34696,1.40883,1.59979
3.34695,1.40885,1.5998
3.34694,1.40886,1.59982
3.34694,1.40888,1.59983
3.34693,1.40889,1.59984
3.34693,1.40891,1.59985
3.34692,1.40892,1.59987
3.34691,1.40893,1.59988
3.34691,1.40895,1.59989
3.3469,1.40896,1.59991
3.3469,1.40898,1.59992
3.34689,1.40899,1.59993
3.34688,1.409,1.59994
3.34688,1.40902,1.59996
3.34687,1.40903,1.59997
3.34687,1.40905,1.59998
3.34686,1.40906,1.59999
3.34686,1.40907,1.6
3.34685,1.40909,1.60002
3.34684,1.4091,1.60003
3.34684,1.40911,1.60004
3.34683,1.40913,1.60005
3.34683,1.40914,1.60007
3.34682,1.40916,1.60008
3.34681,1.40917,1.60009
3.34681,1.40918,1.6001
3.3468,1.4092,1.60012
3.3468,1.40921,1.60013
3.34679,1.40922,1.60014
3.34679,1.40924,1.60015
3.34678,1.40925,1.60016
3.34677,1.40926,1.60018
3.34677,1.40928,1.60019
3.34676,1.40929,1.6002
3.34676,1.4093,1.60021
3.34675,1.40932,1.60022
3.34675,1.40933,1.60024
3.34674,1.40934,1.60025
3.34674,1.40936,1.60026
3.34673,1.40937,1.60027
3.34672,1.40938,1.60028
3.34672,1.4094,1.6003
3.34671,1.40941,1.60031
3.34671,1.40942,1.60032
3.3467,1.40944,1.60033
3.3467,1.40945,1.60034
3.34669,1.40946,1.60035
3.34669,1.40948,1.60037
3.34668,1.40949,1.60038
3.34667,1.4095,1.60039
3.34667,1.40951,1.6004
3.34666,1.40953,1.60041
3.34666,1.40954,1.60042
3.34665,1.40955,1.60044
3.34665,1.40957,1.60045
3.34664,1.40958,1.60046
3.34664,1.40959,1.60047
3.34663,1.4096,1.60048
3.34663,1.40962,1.60049
3.34662,1.40963,1.6005
3.34662,1.40964,1.60052
3.34661,1.40966,1.60053
3.3466,1.40967,1.60054
3.3466,1.40968,1.60055
3.34659,1.40969,1.60056
3.34659,1.40971,1.60057
3.34658,1.40972,1.60058
3.34658,1.40973,1.60059
3.34657,1.40974,1.60061
3.34657,1.40976,1.60062
3.34656,1.40977,1.60063
3.34656,1.40978,1.60064
3.34655,1.40979,1.60065
3.34655,1.40981,1.60066
3.34654,1.40982,1.60067
3.34654,1.40983,1.60068
3.34653,1.40984,1.60069
3.34653,1.40985,1.60071
3.34652,1.40987,1.60072
3.34652,1.40988,1.60073
3.34651,1.40989,1.60074
3.34651,1.4099,1.60075
3.3465,1.40992,1.60076
3.3465,1.40993,1.60077
3.34649,1.40994,1.60078
3.34649,1.40995,1.60079
3.34648,1.40996,1.6008
3.34647,1.40998,1.60081
3.34647,1.40999,1.60083
3.34646,1.41,1.60084
3.34646,1.41001,1.60085
3.34645,1.41002,1.60086
3.34645,1.41004,1.60087
3.34644,1.41005,1.60088
3.34644,1.41006,1.60089
3.34643,1.41007,1.6009
3.34643,1.41008,1.60091
3.34642,1.41009,1.60092
3.34642,1.41011,1.60093
3.34641,1.41012,1.60094
3.34641,1.41013,1.60095
3.34641,1.41014,1.60096
3.3464,1.41015,1.60097
3.3464,1.41017,1.60098
3.34639,1.41018,1.60099
3.34639,1.41019,1.601
3.34638,1.4102,1.60102
3.34638,1.41021,1.60103
3.34637,1.41022,1.60104
3.34637,1.41023,1.60105
3.34636,1.41025,1.60106
3.34636,1.41026,1.60107
3.34635,1.41027,1.60108
3.34635,1.41028,1.60109
3.34634,1.41029,1.6011
3.34634,1.4103,1.60111
3.34633,1.41031,1.60112
3.34633,1.41033,1.60113
3.34632,1.41034,1.60114
3.34632,1.41035,1.60115
3.34631,1.41036,1.60116
3.34631,1.41037,1.60117
3.3463,1.41038,1.60118
3.3463,1.41039,1.60119
3.34629,1.4104,1.6012
3.34629,1.41042,1.60121
3.34628,1.41043,1.60122
3.34628,1.41044,1.60123
3.34628,1.41045,1.60124
3.34627,1.41046,1.60125
3.34627,1.41047,1.60126
3.34626,1.41048,1.60127
3.34626,1.41049,1.60128
3.34625,1.4105,1.60129
3.34625,1.41051,1.6013
3.34624,1.41053,1.60131
3.34624,1.41054,1.60132
3.34623,1.41055,1.60133
3.34623,1.41056,1.60134
3.34623,1.41057,1.60135
3.34622,1.41058,1.60136
3.34622,1.41059,1.60137
3.34621,1.4106,1.60138
3.34621,1.41061,1.60138
3.3462,1.41062,1.60139
3.3462,1.41063,1.6014
3.34619,1.41064,1.60141
3.34619,1.41066,1.60142
3.34618,1.41067,1.60143
3.34618,1.41068,1.60144
3.34618,1.41069,1.60145
3.34617,1.4107,1.60146
3.34617,1.41071,1.60147
3.34616,1.41072,1.60148
3.34616,1.41073,1.60149
3.34615,1.41074,1.6015
3.34615,1.41075,1.60151
3.34614,1.41076,1.60152
3.34614,1.41077,1.60153
3.34614,1.41078,1.60154
3.34613,1.41079,1.60155
3.34613,1.4108,1.60156
3.34612,1.41081,1.60156
3.34612,1.41082,1.60157
3.34611,1.41083,1.60158
3.34611,1.41084,1.60159
3.3461,1.41085,1.6016
3.3461,1.41086,1.60161
3.3461,1.41087,1.60162
3.34609,1.41088,1.60163
3.34609,1.41089,1.60164
3.34608,1.4109,1.60165
3.34608,1.41092,1.60166
3.34607,1.41093,1.60167
3.34607,1.41094,1.60167
3.34607,1.41095,1.60168
3.34606,1.41096,1.60169
3.34606,1.41097,1.6017
3.34605,1.41098,1.60171
3.34605,1.41099,1.60172
3.34605,1.411,1.60173
3.34604,1.41101,1.60174
3.34604,1.41102,1.60175
3.34603,1.41103,1.60176
3.34603,1.41104,1.60176
3.34602,1.41105,1.60177
3.34602,1.41105,1.60178
3.34602,1.41106,1.60179
3.34601,1.41107,1.6018
3.34601,1.41108,1.60181
3.346,1.41109,1.60182
3.346,1.4111,1.60183
3.34599,1.41111,1.60183
3.34599,1.41112,1.60184
3.34599,1.41113,1.60185
3.34598,1.41114,1.60186
3.34598,1.41115,1.60187
3.34597,1.41116,1.60188
3.34597,1.41117,1.60189
3.34597,1.41118,1.60189
3.34596,1.41119,1.6019
3.34596,1.4112,1.60191
3.34595,1.41121,1.60192
3.34595,1.41122,1.60193
3.34595,1.41123,1.60194
3.34594,1.41124,1.60195
3.34594,1.41125,1.60195
3.34593,1.41126,1.60196
3.34593,1.41127,1.60197
3.34593,1.41128,1.60198
3.34592,1.41129,1.60199
3.34592,1.4113,1.602
3.34591,1.4113,1.60201
3.34591,1.41131,1.60201
3.34591,1.41132,1.60202
3.3459,1.41133,1.60203
3.3459,1.41134,1.60204
3.3459,1.41135,1.60205
3.34589,1.41136,1.60206
3.34589,1.41137,1.60206
3.34588,1.41138,1.60207
3.34588,1.41139,1.60208
3.34588,1.4114,1.60209
3.34587,1.41141,1.6021
3.34587,1.41142,1.6021
3.34586,1.41142,1.60211
3.34586,1.41143,1.60212
3.34586,1.41144,1.60213
3.34585,1.41145,1.60214
3.34585,1.41146,1.60215
3.34584,1.41147,1.60215
3.34584,1.41148,1.60216
3.34584,1.41149,1.60217
3.34583,1.4115,1.60218
3.34583,1.41151,1.60219
3.34583,1.41151,1.60219
3.34582,1.41152,1.6022
3.34582,1.41153,1.60221
3.34581,1.41154,1.60222
3.34581,1.41155,1.60223
3.34581,1.41156,1.60223
3.3458,1.41157,1.60224
3.3458,1.41158,1.60225
3.3458,1.41159,1.60226
3.34579,1.41159,1.60227
3.34579,1.4116,1.60227
3.34578,1.41161,1.60228
3.34578,1.41162,1.60229
3.34578,1.41163,1.6023
3.34577,1.41164,1.6023
3.34577,1.41165,1.60231
3.34577,1.41166,1.60232
3.34576,1.41166,1.60233
3.34576,1.41167,1.60234
3.34576,1.41168,1.60234
3.34575,1.41169,1.60235
3.34575,1.4117,1.60236
3.34574,1.41171,1.60237
3.34574,1.41172,1.60237
3.34574,1.41172,1.60238
3.34573,1.41173,1.60239
3.34573,1.41174,1.6024
3.34573,1.41175,1.6024
3.34572,1.41176,1.60241
3.34572,1.41177,1.60242
3.34572,1.41177,1.60243
3.34571,1.41178,1.60243
3.34571,1.41179,1.60244
3.34571,1.4118,1.60245
3.3457,1.41181,1.60246
3.3457,1.41182,1.60246
3.3457,1.41183,1.60247
3.34569,1.41183,1.60248
3.34569,1.41184,1.60249
3.34568,1.41185,1.60249
3.34568,1.41186,1.6025
3.34568,1.41187,1.60251
3.34567,1.41187,1.60252
3.34567,1.41188,1.60252
3.34567,1.41189,1.60253
3.34566,1.4119,1.60254
3.34566,1.41191,1.60255
3.34566,1.41192,1.60255
3.34565,1.41192,1.60256
3.34565,1.41193,1.60257
3.34565,1.41194,1.60258
3.34564,1.41195,1.60258
3.34564,1.41196,1.60259
3.34564,1.41196,1.6026
3.34563,1.41197,1.6026
3.34563,1.41198,1.60261
3.34563,1.41199,1.60262
3.34562,1.412,1.60263
3.34562,1.412,1.60263
3.34562,1.41201,1.60264
3.34561,1.41202,1.60265
3.34561,1.41203,1.60265
3.34561,1.41204,1.60266
3.3456,1.41204,1.60267
3.3456,1.41205,1.60268
3.3456,1.41206,1.60268
3.34559,1.41207,1.60269
3.34559,1.41207,1.6027
3.34559,1.41208,1.6027
3.34558,1.41209,1.60271
3.34558,1.4121,1.60272
3.34558,1.41211,1.60272
3.34557,1.41211,1.60273
3.34557,1.41212,1.60274
3.34557,1.41213,1.60274
3.34556,1.41214,1.60275
3.34556,1.41214,1.60276
3.34556,1.41215,1.60277
3.34555,1.41216,1.60277
3.34555,1.41217,1.60278
3.34555,1.41218,1.60279
3.34554,1.41218,1.60279
3.34554,1.41219,1.6028
3.34554,1.4122,1.60281
3.34553,1.41221,1.60281
3.34553,1.41221,1.60282
3.34553,1.41222,1.60283
3.34553,1.41223,1.60283
3.34552,1.41224,1.60284
3.34552,1.41224,1.60285
3.34552,1.41225,1.60285
3.34551,1.41226,1.60286
3.34551,1.41227,1.60287
3.34551,1.41227,1.60287
3.3455,1.41228,1.60288
3.3455,1.41229,1.60289
3.3455,1.41229,1.60289
3.34549,1.4123,1.6029
3.34549,1.41231,1.60291
3.34549,1.41232,1.60291
3.34548,1.41232,1.60292
3.34548,1.41233,1.60293
3.34548,1.41234,1.60293
3.34548,1.41235,1.60294
3.34547,1.41235,1.60295
3.34547,1.41236,1.60295
3.34547,1.41237,1.60296
3.34546,1.41238,1.60297
3.34546,1.41238,1.60297
3.34546,1.41239,1.60298
3.34545,1.4124,1.60298
3.34545,1.4124,1.60299
3.34545,1.41241,1.603
3.34545,1.41242,1.603
3.34544,1.41243,1.60301
3.34544,1.41243,1.60302
3.34544,1.41244,1.60302
3.34543,1.41245,1.60303
3.34543,1.41245,1.60304
3.34543,1.41246,1.60304
3.34542,1.41247,1.60305
3.34542,1.41247,1.60305
3.34542,1.41248,1.60306
3.34541,1.41249,1.60307
3.34541,1.4125,1.60307
3.34541,1.4125,1.60308
3.34541,1.41251,1.60309
3.3454,1.41252,1.60309
3.3454,1.41252,1.6031
3.3454,1.41253,1.6031
3.34539,1.41254,1.60311
3.34539,1.41254,1.60312
3.34539,1.41255,1.60312
3.34539,1.41256,1.60313
3.34538,1.41256,1.60313
3.34538,1.41257,1.60314
3.34538,1.41258,1.60315
3.34537,1.41259,1.60315
3.34537,1.41259,1.60316
3.34537,1.4126,1.60317
3.34537,1.41261,1.60317
3.34536,1.41261,1.60318
3.34536,1.41262,1.60318
3.34536,1.41263,1.60319
3.34535,1.41263,1.6032
3.34535,1.41264,1.6032
3.34535,1.41265,1.60321
3.34535,1.41265,1.60321
3.34534,1.41266,1.60322
3.34534,1.41267,1.60323
3.34534,1.41267,1.60323
3.34533,1.41268,1.60324
3.34533,1.41269,1.60324
3.34533,1.41269,1.60325
3.34533,1.4127,1.60326
3.34532,1.4127,1.60326
3.34532,1.41271,1.60327
3.34532,1.41272,1.60327
3.34532,1.41272,1.60328
3.34531,1.41273,1.60328
3.34531,1.41274,1.60329
3.34531,1.41274,1.6033
3.3453,1.41275,1.6033
3.3453,1.41276,1.60331
3.3453,1.41276,1.60331
3.3453,1.41277,1.60332
3.34529,1.41278,1.60332
3.34529,1.41278,1.60333
3.34529,1.41279,1.60334
3.34529,1.4128,1.60334
3.34528,1.4128,1.60335
3.34528,1.41281,1.60335
3.34528,1.41281,1.60336
3.34528,1.41282,1.60336
3.34527,1.41283,1.60337
3.34527,1.41283,1.60338
3.34527,1.41284,1.60338
3.34526,1.41285,1.60339
3.34526,1.41285,1.60339
3.34526,1.41286,1.6034
3.34526,1.41286,1.6034
3.34525,1.41287,1.60341
3.34525,1.41288,1.60342
3.34525,1.41288,1.60342
3.34525,1.41289,1.60343
3.34524,1.4129,1.60343
3.34524,1.4129,1.60344
3.34524,1.41291,1.60344
3.34524,1.41291,1.60345
3.34523,1.41292,1.60345
3.34523,1.41293,1.60346
3.34523,1.41293,1.60347
3.34523,1.41294,1.60347
3.34522,1.41294,1.60348
3.34522,1.41295,1.60348
3.34522,1.41296,1.60349
3.34522,1.41296,1.60349
3.34521,1.41297,1.6035
3.34521,1.41297,1.6035
3.34521,1.41298,1.60351
3.3452,1.41299,1.60351
3.3452,1.41299,1.60352
3.3452,1.413,1.60352
3.3452,1.413,1.60353
3.3452,1.41301,1.60354
3.34519,1.41302,1.60354
3.34519,1.41302,1.60355
3.34519,1.41303,1.60355
3.34518,1.41303,1.60356
3.34518,1.41304,1.60356
3.34518,1.41305,1.60357
3.34518,1.41305,1.60357
3.34517,1.41306,1.60358
3.34517,1.41306,1.60358
3.34517,1.41307,1.60359
3.34517,1.41308,1.60359
3.34516,1.41308,1.6036
3.34516,1.41309,1.6036
3.34516,1.41309,1.60361
3.34516,1.4131,1.60361
3.34516,1.4131,1.60362
3.34515,1.41311,1.60362
3.34515,1.41312,1.60363
3.34515,1.41312,1.60363
3.34515,1.41313,1.60364
3.34514,1.41313,1.60364
3.34514,1.41314,1.60365
3.34514,1.41314,1.60365
3.34514,1.41315,1.60366
3.34513,1.41316,1.60366
3.34513,1.41316,1.60367
3.34513,1.41317,1.60368
3.34513,1.41317,1.60368
3.34512,1.41318,1.60369
3.34512,1.41318,1.60369
3.34512,1.41319,1.6037
3.34512,1.41319,1.6037
3.34511,1.4132,1.60371
3.34511,1.41321,1.60371
3.34511,1.41321,1.60372
3.34511,1.41322,1.60372
3.34511,1.41322,1.60373
3.3451,1.41323,1.60373
3.3451,1.41323,1.60373
3.3451,1.41324,1.60374
3.3451,1.41324,1.60374
3.34509,1.41325,1.60375
3.34509,1.41326,1.60375
3.34509,1.41326,1.60376
3.34509,1.41327,1.60376
3.34508,1.41327,1.60377
3.34508,1.41328,1.60377
3.34508,1.41328,1.60378
3.34508,1.41329,1.60378
3.34508,1.41329,1.60379
3.34507,1.4133,1.60379
3.34507,1.4133,1.6038
3.34507,1.41331,1.6038
3.34507,1.41331,1.60381
3.34506,1.41332,1.60381
3.34506,1.41333,1.60382
3.34506,1.41333,1.60382
3.34506,1.41334,1.60383
3.34506,1.41334,1.60383
3.34505,1.41335,1.60384
3.34505,1.41335,1.60384
3.34505,1.41336,1.60385
3.34505,1.41336,1.60385
3.34504,1.41337,1.60385
3.34504,1.41337,1.60386
3.34504,1.41338,1.60386
3.34504,1.41338,1.60387
3.34504,1.41339,1.60387
3.34503,1.41339,1.60388
3.34503,1.4134,1.60388
3.34503,1.4134,1.60389
3.34503,1.41341,1.60389
3.34502,1.41341,1.6039
3.34502,1.41342,1.6039
3.34502,1.41342,1.60391
3.34502,1.41343,1.60391
3.34502,1.41343,1.60392
3.34501,1.41344,1.60392
3.34501,1.41344,1.60392
3.34501,1.41345,1.60393
3.34501,1.41345,1.60393
3.34501,1.41346,1.60394
3.345,1.41346,1.60394
3.345,1.41347,1.60395
3.345,1.41347,1.60395
3.345,1.41348,1.60396
3.34499,1.41348,1.60396
3.34499,1.41349,1.60397
3.34499,1.41349,1.60397
3.34499,1.4135,1.60397
3.34499,1.4135,1.60398
3.34498,1.41351,1.60398
3.34498,1.41351,1.60399
3.34498,1.41352,1.60399
3.34498,1.41352,1.604
3.34498,1.41353,1.604
3.34497,1.41353,1.604
3.34497,1.41354,1.60401
3.34497,1.41354,1.60401
3.34497,1.41355,1.60402
3.34497,1.41355,1.60402
3.34496,1.41356,1.60403
3.34496,1.41356,1.60403
3.34496,1.41357,1.60404
3.34496,1.41357,1.60404
3.34496,1.41358,1.60404
3.34495,1.41358,1.60405
3.34495,1.41359,1.60405
3.34495,1.41359,1.60406
3.34495,1.4136,1.60406
3.34495,1.4136,1.60407
3.34494,1.41361,1.60407
3.34494,1.41361,1.60407
3.34494,1.41362,1.60408
3.34494,1.41362,1.60408
3.34494,1.41363,1.60409
3.34493,1.41363,1.60409
3.34493,1.41363,1.60409
3.34493,1.41364,1.6041
3.34493,1.41364,1.6041
3.34492,1.41365,1.60411
3.34492,1.41365,1.60411
3.34492,1.41366,1.60412
3.34492,1.41366,1.60412
3.34492,1.41367,1.60412
3.34491,1.41367,1.60413
3.34491,1.41368,1.60413
3.34491,1.41368,1.60414
3.34491,1.41369,1.60414
3.34491,1.41369,1.60415
3.34491,1.41369,1.60415
3.3449,1.4137,1.60415
3.3449,1.4137,1.60416
3.3449,1.41371,1.60416
3.3449,1.41371,1.60417
3.3449,1.41372,1.60417
3.34489,1.41372,1.60417
3.34489,1.41373,1.60418
3.34489,1.41373,1.60418
3.34489,1.41374,1.60419
3.34489,1.41374,1.60419
3.34488,1.41374,1.60419
3.34488,1.41375,1.6042
3.34488,1.41375,1.6042
3.34488,1.41376,1.60421
3.34488,1.41376,1.60421
3.34488,1.41377,1.60421
3.34487,1.41377,1.60422
3.34487,1.41378,1.60422
3.34487,1.41378,1.60422
3.34487,1.41378,1.60423
3.34487,1.41379,1.60423
3.34486,1.41379,1.60424
3.34486,1.4138,1.60424
3.34486,1.4138,1.60424
3.34486,1.41381,1.60425
3.34486,1.41381,1.60425
3.34486,1.41381,1.60426
3.34485,1.41382,1.60426
3.34485,1.41382,1.60426
3.34485,1.41383,1.60427
3.34485,1.41383,1.60427
3.34485,1.41384,1.60428
3.34484,1.41384,1.60428
3.34484,1.41384,1.60428
3.34484,1.41385,1.60429
3.34484,1.41385,1.60429
3.34484,1.41386,1.6043
3.34483,1.41386,1.6043
3.34483,1.41387,1.6043
3.34483,1.41387,1.60431
3.34483,1.41387,1.60431
3.34483,1.41388,1.60431
3.34483,1.41388,1.60432
3.34482,1.41389,1.60432
3.34482,1.41389,1.60433
3.34482,1.4139,1.60433
3.34482,1.4139,1.60433
3.34482,1.4139,1.60434
3.34482,1.41391,1.60434
3.34481,1.41391,1.60434
3.34481,1.41392,1.60435
3.34481,1.41392,1.60435
3.34481,1.41392,1.60435
3.34481,1.41393,1.60436
3.34481,1.41393,1.60436
3.3448,1.41394,1.60437
3.3448,1.41394,1.60437
3.3448,1.41394,1.60437
3.3448,1.41395,1.60438
3.3448,1.41395,1.60438
3.3448,1.41396,1.60438
3.34479,1.41396,1.60439
3.34479,1.41396,1.60439
3.34479,1.41397,1.60439
3.34479,1.41397,1.6044
3.34479,1.41398,1.6044
3.34478,1.41398,1.60441
3.34478,1.41399,1.60441
3.34478,1.41399,1.60441
3.34478,1.41399,1.60442
3.34478,1.414,1.60442
3.34478,1.414,1.60442
3.34477,1.414,1.60443
3.34477,1.41401,1.60443
3.34477,1.41401,1.60443
3.34477,1.41402,1.60444
3.34477,1.41402,1.60444
3.34477,1.41402,1.60444
3.34476,1.41403,1.60445
3.34476,1.41403,1.60445
3.34476,1.41404,1.60445
3.34476,1.41404,1.60446
3.34476,1.41404,1.60446
3.34476,1.41405,1.60447
3.34475,1.41405,1.60447
3.34475,1.41406,1.60447
3.34475,1.41406,1.60448
3.34475,1.41406,1.60448
3.34475,1.41407,1.60448
3.34475,1.41407,1.60449
3.34474,1.41407,1.60449
3.34474,1.41408,1.60449
3.34474,1.41408,1.6045
3.34474,1.41409,1.6045
3.34474,1.41409,1.6045
3.34474,1.41409,1.60451
3.34474,1.4141,1.60451
3.34473,1.4141,1.60451
3.34473,1.4141,1.60452
3.34473,1.41411,1.60452
3.34473,1.41411,1.60452
3.34473,1.41412,1.60453
3.34473,1.41412,1.60453
3.34472,1.41412,1.60453
3.34472,1.41413,1.60454
3.34472,1.41413,1.60454
3.34472,1.41413,1.60454
3.34472,1.41414,1.60455
3.34472,1.41414,1.60455
3.34472,1.41415,1.60455
3.34471,1.41415,1.60456
3.34471,1.41415,1.60456
3.34471,1.41416,1.60456
3.34471,1.41416,1.60457
3.34471,1.41416,1.60457
3.34471,1.41417,1.60457
3.3447,1.41417,1.60458
3.3447,1.41417,1.60458
3.3447,1.41418,1.60458
3.3447,1.41418,1.60459
3.3447,1.41419,1.60459
3.3447,1.41419,1.60459
3.3447,1.41419,1.60459
3.34469,1.4142,1.6046
3.34469,1.4142,1.6046
3.34469,1.4142,1.6046
3.34469,1.41421,1.60461
3.34469,1.41421,1.60461
3.34469,1.41421,1.60461
3.34469,1.41422,1.60462
3.34468,1.41422,1.60462
3.34468,1.41422,1.60462
3.34468,1.41423,1.60463
3.34468,1.41423,1.60463
3.34468,1.41423,1.60463
3.34468,1.41424,1.60464
3.34467,1.41424,1.60464
3.34467,1.41425,1.60464
3.34467,1.41425,1.60465
3.34467,1.41425,1.60465
3.34467,1.41426,1.60465
3.34467,1.41426,1.60466
3.34467,1.41426,1.60466
3.34466,1.41427,1.60466
3.34466,1.41427,1.60466
3.34466,1.41427,1.60467
3.34466,1.41428,1.60467
3.34466,1.41428,1.60467
3.34466,1.41428,1.60468
3.34466,1.41429,1.60468
3.34465,1.41429,1.60468
3.34465,1.41429,1.60469
3.34465,1.4143,1.60469
3.34465,1.4143,1.60469
3.34465,1.4143,1.60469
3.34465,1.41431,1.6047
3.34465,1.41431,1.6047
3.34464,1.41431,1.6047
3.34464,1.41432,1.60471
3.34464,1.41432,1.60471
3.34464,1.41432,1.60471
3.34464,1.41433,1.60472
3.34464,1.41433,1.60472
3.34464,1.41433,1.60472
3.34463,1.41434,1.60472
3.34463,1.41434,1.60473
3.34463,1.41434,1.60473
3.34463,1.41435,1.60473
3.34463,1.41435,1.60474
3.34463,1.41435,1.60474
3.34463,1.41436,1.60474
3.34463,1.41436,1.60474
3.34462,1.41436,1.60475
3.34462,1.41437,1.60475
3.34462,1.41437,1.60475
3.34462,1.41437,1.60476
3.34462,1.41438,1.60476
3.34462,1.41438,1.60476
3.34462,1.41438,1.60476
3.34461,1.41438,1.60477
3.34461,1.41439,1.60477
3.34461,1.41439,1.60477
3.34461,1.41439,1.60478
3.34461,1.4144,1.60478
3.34461,1.4144,1.60478
3.34461,1.4144,1.60478
3.34461,1.41441,1.60479
3.3446,1.41441,1.60479
3.3446,1.41441,1.60479
3.3446,1.41442,1.6048
3.3446,1.41442,1.6048
3.3446,1.41442,1.6048
3.3446,1.41443,1.6048
3.3446,1.41443,1.60481
3.34459,1.41443,1.60481
3.34459,1.41444,1.60481
3.34459,1.41444,1.60482
3.34459,1.41444,1.60482
3.34459,1.41444,1.60482
3.34459,1.41445,1.60482
3.34459,1.41445,1.60483
3.34458,1.41445,1.60483
3.34458,1.41446,1.60483
3.34458,1.41446,1.60483
3.34458,1.41446,1.60484
3.34458,1.41447,1.60484
3.34458,1.41447,1.60484
3.34458,1.41447,1.60485
3.34458,1.41447,1.60485
3.34457,1.41448,1.60485
3.34457,1.41448,1.60485
3.34457,1.41448,1.60486
3.34457,1.41449,1.60486
3.34457,1.41449,1.60486
3.34457,1.41449,1.60486
3.34457,1.4145,1.60487
3.34457,1.4145,1.60487
3.34456,1.4145,1.60487
3.34456,1.4145,1.60488
3.34456,1.41451,1.60488
3.34456,1.41451,1.60488
3.34456,1.41451,1.60488
3.34456,1.41452,1.60489
3.34456,1.41452,1.60489
3.34456,1.41452,1.60489
3.34455,1.41452,1.60489
3.34455,1.41453,1.6049
3.34455,1.41453,1.6049
3.34455,1.41453,1.6049
3.34455,1.41454,1.6049
3.34455,1.41454,1.60491
3.34455,1.41454,1.60491
3.34455,1.41454,1.60491
3.34455,1.41455,1.60491
3.34454,1.41455,1.60492
3.34454,1.41455,1.60492
3.34454,1.41456,1.60492
3.34454,1.41456,1.60492
3.34454,1.41456,1.60493
3.34454,1.41456,1.60493
3.34454,1.41457,1.60493
3.34454,1.41457,1.60493
3.34453,1.41457,1.60494
3.34453,1.41458,1.60494
3.34453,1.41458,1.60494
3.34453,1.41458,1.60494
3.34453,1.41458,1.60495
3.34453,1.41459,1.60495
3.34453,1.41459,1.60495
3.34453,1.41459,1.60495
3.34453,1.4146,1.60496
3.34452,1.4146,1.60496
3.34452,1.4146,1.60496
3.34452,1.4146,1.60496
3.34452,1.41461,1.60497
3.34452,1.41461,1.60497
3.34452,1.41461,1.60497
3.34452,1.41461,1.60497
3.34452,1.41462,1.60498
3.34451,1.41462,1.60498
3.34451,1.41462,1.60498
3.34451,1.41463,1.60498
3.34451,1.41463,1.60499
3.34451,1.41463,1.60499
3.34451,1.41463,1.60499
3.34451,1.41464,1.60499
3.34451,1.41464,1.605
3.34451,1.41464,1.605
3.3445,1.41464,1.605
3.3445,1.41465,1.605
3.3445,1.41465,1.60501
3.3445,1.41465,1.60501
3.3445,1.41465,1.60501
3.3445,1.41466,1.60501
3.3445,1.41466,1.60502
3.3445,1.41466,1.60502
3.34449,1.41467,1.60502
3.34449,1.41467,1.60502
3.34449,1.41467,1.60502
3.34449,1.41467,1.60503
3.34449,1.41468,1.60503
3.34449,1.41468,1.60503
3.34449,1.41468,1.60503
3.34449,1.41468,1.60504
3.34449,1.41469,1.60504
3.34448,1.41469,1.60504
3.34448,1.41469,1.60504
3.34448,1.41469,1.60505
3.34448,1.4147,1.60505
3.34448,1.4147,1.60505
3.34448,1.4147,1.60505
3.34448,1.4147,1.60505
3.34448,1.41471,1.60506
3.34448,1.41471,1.60506
3.34448,1.41471,1.60506
3.34447,1.41471,1.60506
3.34447,1.41472,1.60507
3.34447,1.41472,1.60507
3.34447,1.41472,1.60507
3.34447,1.41472,1.60507
3.34447,1.41473,1.60507
3.34447,1.41473,1.60508
3.34447,1.41473,1.60508
3.34447,1.41473,1.60508
3.34447,1.41474,1.60508
3.34446,1.41474,1.60509
3.34446,1.41474,1.60509
3.34446,1.41474,1.60509
3.34446,1.41475,1.60509
3.34446,1.41475,1.60509
3.34446,1.41475,1.6051
3.34446,1.41475,1.6051
3.34446,1.41476,1.6051
3.34446,1.41476,1.6051
3.34446,1.41476,1.60511
3.34445,1.41476,1.60511
3.34445,1.41477,1.60511
3.34445,1.41477,1.60511
3.34445,1.41477,1.60511
3.34445,1.41477,1.60512
3.34445,1.41478,1.60512
3.34445,1.41478,1.60512
3.34445,1.41478,1.60512
3.34445,1.41478,1.60512
3.34445,1.41479,1.60513
3.34444,1.41479,1.60513
3.34444,1.41479,1.60513
3.34444,1.41479,1.60513
3.34444,1.4148,1.60514
3.34444,1.4148,1.60514
3.34444,1.4148,1.60514
3.34444,1.4148,1.60514
3.34444,1.4148,1.60514
3.34444,1.41481,1.60515
3.34444,1.41481,1.60515
3.34443,1.41481,1.60515
3.34443,1.41481,1.60515
3.34443,1.41482,1.60515
3.34443,1.41482,1.60516
3.34443,1.41482,1.60516
3.34443,1.41482,1.60516
3.34443,1.41483,1.60516
3.34443,1.41483,1.60516
3.34443,1.41483,1.60517
3.34442,1.41483,1.60517
3.34442,1.41483,1.60517
3.34442,1.41484,1.60517
3.34442,1.41484,1.60518
3.34442,1.41484,1.60518
3.34442,1.41484,1.60518
3.34442,1.41485,1.60518
3.34442,1.41485,1.60518
3.34442,1.41485,1.60519
3.34442,1.41485,1.60519
3.34441,1.41486,1.60519
3.34441,1.41486,1.60519
3.34441,1.41486,1.60519
3.34441,1.41486,1.6052
3.34441,1.41486,1.6052
3.34441,1.41487,1.6052
3.34441,1.41487,1.6052
3.34441,1.41487,1.6052
3.34441,1.41487,1.60521
3.34441,1.41487,1.60521
3.3444,1.41488,1.60521
3.3444,1.41488,1.60521
3.3444,1.41488,1.60521
3.3444,1.41488,1.60522
3.3444,1.41489,1.60522
3.3444,1.41489,1.60522
3.3444,1.41489,1.60522
3.3444,1.41489,1.60522
3.3444,1.41489,1.60523
3.3444,1.4149,1.60523
3.3444,1.4149,1.60523
3.3444,1.4149,1.60523
3.34439,1.4149,1.60523
3.34439,1.41491,1.60523
3.34439,1.41491,1.60524
3.34439,1.41491,1.60524
3.34439,1.41491,1.60524
3.34439,1.41491,1.60524
3.34439,1.41492,1.60524
3.34439,1.41492,1.60525
3.34439,1.41492,1.60525
3.34439,1.41492,1.60525
3.34439,1.41492,1.60525
3.34439,1.41493,1.60525
3.34438,1.41493,1.60526
3.34438,1.41493,1.60526
3.34438,1.41493,1.60526
3.34438,1.41493,1.60526
3.34438,1.41494,1.60526
3.34438,1.41494,1.60526
3.34438,1.41494,1.60527
3.34438,1.41494,1.60527
3.34438,1.41495,1.60527
3.34438,1.41495,1.60527
3.34438,1.41495,1.60527
3.34437,1.41495,1.60528
3.34437,1.41495,1.60528
3.34437,1.41496,1.60528
3.34437,1.41496,1.60528
3.34437,1.41496,1.60528
3.34437,1.41496,1.60528
3.34437,1.41496,1.60529
3.34437,1.41497,1.60529
3.34437,1.41497,1.60529
3.34437,1.41497,1.60529
3.34437,1.41497,1.60529
3.34437,1.41497,1.6053
3.34436,1.41498,1.6053
3.34436,1.41498,1.6053
3.34436,1.41498,1.6053
3.34436,1.41498,1.6053
3.34436,1.41498,1.6053
3.34436,1.41499,1.60531
3.34436,1.41499,1.60531
3.34436,1.41499,1.60531
3.34436,1.41499,1.60531
3.34436,1.41499,1.60531
3.34436,1.415,1.60531
3.34436,1.415,1.60532
3.34435,1.415,1.60532
3.34435,1.415,1.60532
3.34435,1.415,1.60532
3.34435,1.41501,1.60532
3.34435,1.41501,1.60533
3.34435,1.41501,1.60533
3.34435,1.41501,1.60533
3.34435,1.41501,1.60533
3.34435,1.41502,1.60533
3.34435,1.41502,1.60533
3.34435,1.41502,1.60534
3.34435,1.41502,1.60534
3.34434,1.41502,1.60534
3.34434,1.41502,1.60534
3.34434,1.41503,1.60534
3.34434,1.41503,1.60534
3.34434,1.41503,1.60535
3.34434,1.41503,1.60535
3.34434,1.41503,1.60535
3.34434,1.41504,1.60535
3.34434,1.41504,1.60535
3.34434,1.41504,1.60536
3.34434,1.41504,1.60536
3.34434,1.41504,1.60536
3.34433,1.41505,1.60536
3.34433,1.41505,1.60536
3.34433,1.41505,1.60536
3.34433,1.41505,1.60537
3.34433,1.41505,1.60537
3.34433,1.41505,1.60537
3.34433,1.41506,1.60537
3.34433,1.41506,1.60537
3.34433,1.41506,1.60537
3.34433,1.41506,1.60538
3.34433,1.41506,1.60538
3.34433,1.41507,1.60538
3.34432,1.41507,1.60538
3.34432,1.41507,1.60538
3.34432,1.41507,1.60538
3.34432,1.41507,1.60539
3.34432,1.41507,1.60539
3.34432,1.41508,1.60539
3.34432,1.41508,1.60539
3.34432,1.41508,1.60539
3.34432,1.41508,1.60539
3.34432,1.41508,1.6054
3.34432,1.41509,1.6054
3.34432,1.41509,1.6054
3.34432,1.41509,1.6054
3.34431,1.41509,1.6054
3.34431,1.41509,1.6054
3.34431,1.41509,1.6054
3.34431,1.4151,1.60541
3.34431,1.4151,1.60541
3.34431,1.4151,1.60541
3.34431,1.4151,1.60541
3.34431,1.4151,1.60541
3.34431,1.4151,1.60541
3.34431,1.41511,1.60542
3.34431,1.41511,1.60542
3.34431,1.41511,1.60542
3.34431,1.41511,1.60542
3.34431,1.41511,1.60542
3.34431,1.41512,1.60542
3.3443,1.41512,1.60542
3.3443,1.41512,1.60543
3.3443,1.41512,1.60543
3.3443,1.41512,1.60543
3.3443,1.41512,1.60543
3.3443,1.41513,1.60543
3.3443,1.41513,1.60543
3.3443,1.41513,1.60543
3.3443,1.41513,1.60544
3.3443,1.41513,1.60544
3.3443,1.41513,1.60544
3.3443,1.41514,1.60544
3.3443,1.41514,1.60544
3.3443,1.41514,1.60544
3.3443,1.41514,1.60545
3.34429,1.41514,1.60545
3.34429,1.41514,1.60545
3.34429,1.41515,1.60545
3.34429,1.41515,1.60545
3.34429,1.41515,1.60545
3.34429,1.41515,1.60545
3.34429,1.41515,1.60546
3.34429,1.41515,1.60546
3.34429,1.41516,1.60546
3.34429,1.41516,1.60546
3.34429,1.41516,1.60546
3.34429,1.41516,1.60546
3.34429,1.41516,1.60546
3.34429,1.41516,1.60547
3.34428,1.41517,1.60547
3.34428,1.41517,1.60547
3.34428,1.41517,1.60547
3.34428,1.41517,1.60547
3.34428,1.41517,1.60547
3.34428,1.41517,1.60547
3.34428,1.41518,1.60548
3.34428,1.41518,1.60548
3.34428,1.41518,1.60548
3.34428,1.41518,1.60548
3.34428,1.41518,1.60548
